Unnamed: 0,1870,1880,1890,1900,1913,1925,1929,1933,1938,1950,1955,1960,1965,1970,1975,1980,1985,1990,1995,2000,2005,2007,2010,2015
Argentina,0.0388517090413275,0.042811150528738,0.0468135071657526,0.0563245732756863,0.0680946471831374,0.0929776909978253,0.104659980854041,0.118351758680044,0.131427891969675,0.164877097730473,0.177515706019723,0.196092498901008,0.207389484867174,0.223909457158792,0.245417988679502,0.26341826587525,0.267702422662148,0.270519818837621,0.290246255752642,0.301488279859855,0.343743902622913,0.340461533557899,0.357299146769099,0.394768710709811
"Bahamas, The",,,,,,,,,,0.210863592125263,0.226658517397765,0.244528214475699,0.271002804216607,0.303466274117622,0.311470079407208,0.341183207968163,0.379532494730072,0.404133981237369,0.441376890482143,0.482801663441673,0.527111933121869,0.495643116134452,0.577473564022392,0.476081406447364
Barbados,,,,,,,,,,0.182567949750966,0.195636831909298,0.210304306723291,0.231796072956745,0.257743527087767,0.264069548964186,0.28729826338068,0.316659248316302,0.335110546999202,0.358789640445745,0.349223992383672,0.380097087729817,0.353624794333122,0.38242920647675,0.441073271665803
Belize,,,,,,,,,,0.242898021777783,0.251066968231681,0.255465993593689,0.271545567755706,0.267967843421126,0.278806716349176,0.265433383416585,0.276717492258147,0.323875095950546,0.363835058508178,0.411639957835449,0.466567027208022,0.508485519822469,0.51587608084749,0.442136656521338
Bolivia,0.00821900747841073,0.0138017682019543,0.0188922822228937,0.0320667993129816,0.0463361708124623,0.0720249627213136,0.0743699121093862,0.0727775203146664,0.0788269434718096,0.0909296367010543,0.0947791711214599,0.100308815717494,0.115284770784741,0.127744269985256,0.142517781556266,0.169112797852642,0.20052260868706,0.233939537527523,0.251809740443921,0.265290722619361,0.291579665654776,0.267459557899623,0.295837629469342,0.292125069924848
Brazil,0.0115015330898075,0.0137943478775116,0.0161014878765485,0.018733791709668,0.0220115829392859,0.0293456085897353,0.0326681467301911,0.0373980269000759,0.0429770521592644,0.0630376945731316,0.0729115316209795,0.0848701177590658,0.0931054512035889,0.106889241652183,0.11023361887145,0.138094353234879,0.179307212243512,0.215871837888258,0.234830384276647,0.257932732045456,0.277890746355751,0.224587223099572,0.288895166446105,0.268986518199738
Chile,0.0238977555902496,0.0266658033460876,0.0408261229876997,0.0452518763161099,0.0539807238870915,0.0964751954507613,0.110856363492997,0.128678177154571,0.140607620701719,0.157186087337831,0.166218010870845,0.178514655814399,0.192982062985843,0.207573300496701,0.240512364438373,0.27103233713373,0.301740474642763,0.33590447798392,0.372206119427012,0.402009591768891,0.438000664269085,0.367401164943815,0.433276988139468,0.398118034075581
Colombia,0.017241591001855,0.0227989639378166,0.026131075658832,0.0332433426136623,0.0420577670587013,0.0703536609007024,0.0762581852476794,0.0836781662359521,0.0880534449728095,0.0945917438981876,0.100626758939794,0.107640779147783,0.114692233592797,0.126724668668551,0.13487103215573,0.14626908931015,0.168476669158243,0.187983216184619,0.209538858267855,0.230119560508539,0.209114234463079,0.233094680952432,0.261116490202342,0.258719421730957
Costa Rica,,,,,0.0531269214880672,0.0609275585534028,0.063797688801642,0.0714152591078071,0.0765991182602898,0.0898603203635901,0.0978640781916686,0.103615555556573,0.115557676517095,0.114195168997146,0.134212639895187,0.147149965761177,0.17020195945105,0.188632257835574,0.207921371002836,0.227083062464867,0.277399822935711,0.287569095851753,0.303162973764549,0.320778911693578
Cuba,0.021019974953364,0.023897752963867,0.0265335198508278,0.0313258356444685,0.0391800457906434,0.0630723490606237,0.0717838014779427,0.080382035895256,0.0879810828570624,0.0990806115232735,0.0992928626478501,0.110524137313981,0.113944340108728,0.12681807635949,0.138493633804193,0.17652398051869,0.208102880300982,0.258924059816846,0.299043499962129,0.335293610395367,0.37656699906496,0.405006514136834,0.426964537449912,0.564847534641551
Dominican R,,,,,,,,,,0.0525588146482164,0.0588511164179997,0.068805806522957,0.0824911076158915,0.10328977752656,0.10919860282293,0.118920801334486,0.133840914970274,0.151576824449059,0.167324755255903,0.186586438901582,0.199521273164156,0.216226259159628,0.216756315851399,0.26487308503472
Ecuador,0.0220666833623142,0.0354719684243524,0.0401222352714531,0.0446765735006796,0.0491507740784361,0.0570904457145234,0.0598782666401186,0.0682060541220365,0.0737318903661072,0.0954309877339339,0.109040202392281,0.12455046711249,0.143198974226644,0.155347422668343,0.16062101956292,0.197577529370433,0.216872315124262,0.238659891515484,0.262341074200432,0.281926046906542,0.298538366407693,0.250552293466954,0.313328205608937,0.295960191993252
El Salvador,,,,,0.0326681467301911,0.033752019578484,0.034826045482043,0.0349538990589257,0.0342853874453886,0.041651921408043,0.0454634250122006,0.0534113029985174,0.060351311437636,0.0696966860215726,0.0870188282430154,0.10328977752656,0.127465279719299,0.144227937670965,0.144476162966233,0.158696393627523,0.176899667869749,0.236790517154552,0.185771274391592,0.2111488221669
Guatemala,,,,,0.027858492112204,0.0293811094449755,0.0307902744583958,0.0341550382454443,0.0367246068522592,0.043863121865917,0.0462688207870948,0.0483256459395671,0.0478079785093652,0.0528427588168157,0.0558818250469908,0.0762963143293668,0.0938920738094901,0.114866568042229,0.129865437434155,0.14678344526154,0.141376732425824,0.108704860546926,0.168666888933524,0.201251670640798
Guyana,,,,,,,,,,0.128643811959662,0.140676710317882,0.152339052511289,0.163744167139079,0.173904636820162,0.191523553552569,0.213096775803473,0.23540740552841,0.251063995977453,0.277693661688206,0.298325081158644,0.319056337445723,0.293947599187922,0.334753124528094,0.304089808365073
Haiti,,,,,,,,,,0.0231762743162358,0.024756139658463,0.0282668336224931,0.0309477838356587,0.0363969507197211,0.0414981527363928,0.0517534209041147,0.0733958025871963,0.0831070915844027,0.090857692770138,0.0966328578100222,0.111692616432816,0.136301743554157,0.12233482060714,0.156414497078589
Honduras,,,,,0.0378138978281873,0.0407634539235867,0.041101183985944,0.0409636278759276,0.0408261229876997,0.0435859966198381,0.0459458676106958,0.050013094602153,0.0723294461619428,0.0981160414326371,0.0958681548854523,0.122333666413967,0.14169678723931,0.143501029221531,0.154193809869675,0.165955932225492,0.177089827377996,0.167696403820213,0.180114958960683,0.195654826670996
Jamaica,0.0126971157506001,0.0176218063431723,0.0305762672816909,0.0432260444412302,0.0597526944281697,0.0689538737455488,0.0691619004493645,0.0746248696474037,0.0793661049767065,0.0864534349963499,0.1115733598892,0.143138110889549,0.163173476742116,0.180917718783501,0.208451554742831,0.243849747492931,0.265808145318023,0.287283860454284,0.304905682464379,0.319170963888207,0.339888074759759,0.353963623051971,0.343314814410712,0.379931110061017
Mexico,0.0140499860829921,0.0186819971415111,0.0231106776256025,0.027858492112204,0.0323992938802597,0.0377048240205507,0.0394538829356127,0.0455617312065963,0.0505772954347046,0.068509323670363,0.0812024859285739,0.0955561048506553,0.11157524168853,0.127860719987905,0.145658745716733,0.169445117615809,0.201703219666317,0.228451573134576,0.261805793647114,0.283021016187167,0.307712826362307,0.292139188778018,0.307666314614306,0.311937796084016
Nicaragua,0.00695817521913384,0.0087184002828028,0.0104870561521123,0.0120098186113104,0.0273279325768682,0.0310298640197153,0.0334758817363258,0.036103594516585,0.0378138978281873,0.0472049489547333,0.0533241305498044,0.0614642252827949,0.0652975252413182,0.0702918019812715,0.0900660089494015,0.115539190037069,0.138527985802571,0.164800158596312,0.186533398491688,0.207573300496701,0.216795772625579,0.162653875337448,0.234441101637468,0.211655586111729
Panama,,,,,,,,,,0.0952373569904938,0.115236559916723,0.138810685899996,0.148561095361716,0.163264732795501,0.194963422356845,0.233976903747215,0.266150335048229,0.280381428215567,0.311260586533208,0.316261024692065,0.339399069811161,0.348234016375808,0.34206932316117,0.395055633314044
Paraguay,,,,,,,,,,0.105576282498071,0.10930203567856,0.118241997148728,0.123542249285043,0.136665843240365,0.149381250262951,0.161735664883708,0.182373305063253,0.191929327712886,0.207904194113365,0.217199350545296,0.258775190887972,0.245910051599977,0.265938885717386,0.288631550594087
Peru,,,,,0.0158444259983853,0.0379027026250245,0.0444179970613336,0.0480083208553656,0.0497313171195228,0.0696966860215726,0.0772396341637273,0.0861113605179101,0.102524019291215,0.125432448568313,0.155006627608317,0.180114958960683,0.208052161070606,0.242423077181032,0.262173097686984,0.299821146675732,0.355354904785675,0.358841634104387,0.330442711434918,0.339188027057294
St. Kitts and Nevis,,,,,,,,,,0.148730531441192,0.163437775962271,0.179158197520754,0.187672501232373,0.200176039595879,0.222016924985817,0.246168004835193,0.261258853459119,0.276000425436551,0.285391637425589,0.293557764095118,0.298508670944208,0.289699634603727,0.302603898149703,0.303162973764549
St. Lucia,,,,,,,,,,0.0904566071186608,0.0986154123842243,0.10717595962303,0.111743041321866,0.118361376240714,0.130915322573536,0.144381134376579,0.182174116665289,0.223619753057749,0.251814944344696,0.258650267707021,0.288263745388286,0.290204640207919,0.292155790375798,0.36018048575595
St. Vincent and the Grenadines,,,,,,,,,,0.153785601020435,0.169117165762315,0.185534236292996,0.194438990706921,0.207533270647353,0.230457728485143,0.255888110566126,0.271824293774064,0.287427660969494,0.297387198274743,0.306060135171143,0.311324157115162,0.301961076801234,0.315681778497889,0.31452600486871
Suriname,,,,,,,,,,0.125550977496707,0.137514950753233,0.150203559789795,0.157031924602416,0.167002581489437,0.18425254657286,0.203072853798504,0.214692958182858,0.225937520705341,0.233044973692953,0.239189316636979,0.242898021777783,0.242898021777783,0.242898021777783,0.297993432332974
Trinidad-Tobago,,,,,,,,,,0.174986127782156,0.193043478408189,0.21253157615603,0.223171341098916,0.238909764840424,0.26674523100034,0.298078069668056,0.317978329602407,0.337676757740166,0.35036721793584,0.361496222917845,0.368287543842691,0.337436082722411,0.37393094615982,0.477479335377444
Uruguay,0.0419275984444143,0.0463666526286108,0.0511423596200526,0.0594344709681721,0.0673257669742412,0.0852850029393508,0.0939651098299683,0.100150800879875,0.109993196355411,0.146417288193295,0.157161540565258,0.168666888933524,0.177181956839507,0.193588968138314,0.208781792628708,0.228451573134576,0.255752787221471,0.267459557899623,0.273755430624479,0.301488279859855,0.301584321206873,0.290557978937028,0.32092799832002,0.313320348985067
Venezuela,0.0281240580158246,0.0299883862538773,0.0321306366308184,0.0356385196779448,0.0391800457906434,0.0432256653299384,0.043309079191736,0.04686876195757,0.0474848044990631,0.068213078670063,0.0827686116371966,0.100370636845972,0.111838352433033,0.141328850175267,0.158031451088007,0.172181906862414,0.169445117615809,0.166728462576433,0.187008686393405,0.206710521195169,0.230679587053317,0.188051730583726,0.260914735112555,0.363689357735729
Albania,0.00247003846090972,0.00247003846090972,0.00247003846090972,0.00247003846090972,0.00468462184165028,0.0120653102896879,0.0159332089623919,0.0200877329658693,0.0260336757668139,0.0702918019812715,0.0753893895024672,0.0817851426480218,0.0952373569904938,0.124052000706199,0.162881871824896,0.204990986665102,0.270008010892808,0.308800783626631,0.293226875493928,0.369148378566367,0.394768710709811,0.426486049164905,0.400549954006624,0.380479488816732
Austria,0.0886377286826996,0.0960666744073743,0.11252199271786,0.136202764816692,0.185527075524717,0.186569295078693,0.18357927651331,0.192905490953043,0.198613118743145,0.223007699999875,0.250239041655085,0.274640021951327,0.304564377241858,0.337129253146745,0.371497214846885,0.409395152301967,0.433050829016822,0.46743897418475,0.488545825829038,0.51093264191973,0.51872895757762,0.380281565876082,0.537393004019838,0.520279301432194
Belgium,0.123707693573498,0.142051491057686,0.156057397595926,0.156057397595926,0.171397895160115,0.179897367796568,0.184146324033201,0.185259078768669,0.195256101322437,0.212354960133414,0.230373976227756,0.244326531772297,0.260166973723587,0.276717492258147,0.300001556763061,0.337129253146745,0.364345451641359,0.401279015197186,0.435512088444805,0.463963472076807,0.498938310585207,0.450179617248596,0.51587608084749,0.525042483786293
Belarus,,,,,,,,,,,,,,,,0.296653428561824,0.332745822865344,0.37275185943607,0.383931914431038,0.395461054911546,0.459649495561013,0.356651873381515,0.537393004019838,0.591472652595578
Bulgaria,0.0430323692701564,0.0502950872642486,0.0591454146926932,0.0738827804232652,0.100047707771549,0.114458787342622,0.119941352992094,0.139432049624513,0.151576824449059,0.17931394048375,0.21458661291387,0.248645521043039,0.263548137759618,0.284613735069455,0.313218576196241,0.337743167457837,0.353629452768982,0.377264515671148,0.413898493151724,0.45457114355296,0.483496694208566,0.38960792374346,0.514882084626661,0.469961554087229
Croatia,,,,,,,,,,,,,,,,0.283551141867071,0.305407779298031,0.312799098963495,0.343314814410712,0.384864340700849,0.451214126132252,0.488083950380369,0.516872759922371,0.509188289698163
Cyprus,,,,,0.0484106532463361,0.0640605252609751,0.0780135432636829,0.0897132378002055,0.099910016909138,0.124785003247469,0.137680759163975,0.159275815031956,0.173469145673661,0.18574244949807,0.200773105268684,0.217275833713651,0.241484254886643,0.257137642419507,0.283581878648649,0.306350794612187,0.283694162387907,0.362258483463633,0.387807858596187,0.558587621873653
Czechia/Czechoslovakia,0.118240221810936,0.128135973796559,0.13877314707989,0.149725846272397,0.180516120730793,0.201151062568915,0.218531652795354,0.232125925570554,0.251066968231681,0.289024117309948,0.276197027939332,0.297609946217859,0.331007480901509,0.367728648696827,0.378656293227035,0.397153967986375,0.416306670401825,0.428532562621573,0.446783728836283,0.465984076930495,0.488094736674726,0.70654776172194,0.511614108180615,0.637659811433642
Denmark,0.138452345868898,0.147516850414377,0.159074937354234,0.172967586675975,0.202426605713086,0.206343915908827,0.214989473375071,0.221883591451226,0.228908872726232,0.261414085253651,0.28820281688997,0.329239878537293,0.353355930342889,0.394052378044694,0.430502003946255,0.470947498184886,0.503129840970726,0.526990361943546,0.566348736362317,0.596786167378697,0.641797249729735,0.522909995862412,0.60303452920059,0.692459465182385
Estonia,,,,,,,,,,,,,,,,0.314462708587526,0.352410478832221,0.389521366333923,0.45290136162787,0.512962290276452,0.523700227730723,0.587428650112002,0.532741791773716,0.668717805528451
Finland,0.0375412736939373,0.0397279232992611,0.0422034814404883,0.0452518763161099,0.0735821948364043,0.0859589079743439,0.102639082427673,0.120856875107419,0.148251715080918,0.187812569656452,0.203808344923265,0.229825174370262,0.241305519204071,0.262916200028949,0.305659519251029,0.367146913649974,0.410657387893471,0.451214126132252,0.495285340035801,0.534241325942982,0.564758808436447,0.42242828245346,0.598027410137541,0.506442395960772
France,0.118547304626285,0.147516850414377,0.180275371375486,0.201575754246627,0.257438064358531,0.265090344900356,0.266951971052597,0.270984630994129,0.281434979210022,0.287820199507276,0.289840513238393,0.305971119411968,0.344564458151756,0.406423149353294,0.458389888785424,0.493664953939275,0.519601193370087,0.534241325942982,0.554119531060119,0.575128988698022,0.613257171578914,0.407716002685113,0.655780354200582,0.55084151925664
Germany,0.16634199537939,0.17652398051869,0.192758215542554,0.208438100360503,0.253504398685763,0.250056101536715,0.267459557899623,0.280907827981214,0.294864436372992,0.310509106074426,0.341632732386124,0.382776101169305,0.438384070328508,0.493664953939275,0.565833166690086,0.640124972719681,0.692432170350424,0.753391066272021,0.75807855648719,0.724271009753045,0.732231615899196,0.624317865715713,0.740367622754208,0.780418454881231
Greece,0.0364527854391248,0.0460876428888022,0.0548365049724716,0.0635051981938201,0.0845604578892896,0.0989117215409323,0.111188888840158,0.119461398172401,0.132765698388246,0.154183880776099,0.169250406631562,0.184957905399597,0.197412645535315,0.21942253229397,0.238491068057503,0.253504398685763,0.282756159056107,0.31452600486871,0.356507778351449,0.396205558332275,0.42735591996993,0.412069520762709,0.461378145018936,0.447842645484405
Hungary,0.0696372271416327,0.0813552954869077,0.10101734344396,0.116213039444989,0.142340943843872,0.151239710394586,0.15381031536936,0.156921484096002,0.170224989865697,0.19317335822042,0.206362898245164,0.228451573134576,0.253886408595832,0.276197027939332,0.303373269640776,0.338974066507789,0.37000145428023,0.396205558332275,0.417159621525731,0.465697134289678,0.485324764145321,0.542637828286494,0.506054507928185,0.596786167378697
Iceland,,,,,,,,,,0.145980407735763,0.160748334877581,0.180114958960683,0.201677149382455,0.224576893626872,0.257588445809397,0.293843456290485,0.328446517719567,0.366630576296266,0.414805280518576,0.452999353740348,0.507160228470604,0.413430595414228,0.525806086489743,0.618593793053758
Ireland,0.0717838014779427,0.0920649201838127,0.110856363492997,0.132765698388246,0.183741201257439,0.198402408681468,0.213669867302255,0.218754171255278,0.223909457158792,0.238175842682081,0.249410890302206,0.266445080961928,0.281222586851137,0.302603842284446,0.316997914663964,0.325654710831388,0.348022944993628,0.371833985844297,0.393694732134831,0.416931523534265,0.438083164962473,0.536322620617089,0.460520376054684,0.635139245245654
Italy,0.021280666367699,0.0342853874453886,0.0488872724707472,0.063797688801642,0.0936477317502086,0.106102633062289,0.11252199271786,0.121612330685634,0.127512844905117,0.148619696549405,0.157034691874719,0.169445117615809,0.189039390592438,0.214109212235781,0.242423077181032,0.273089553446481,0.303821587939264,0.343939107666878,0.383123322044036,0.426964537449912,0.44959391164947,0.348976884762418,0.483496694208566,0.476165725647001
Latvia,,,,,,,,,,,,,,,,0.326180362824953,0.369309471456601,0.403789854006434,0.442645894214504,0.422357013937313,0.47892667122095,0.42170410806411,0.489504396626151,0.56321881216279
Lithuania,,,,,,,,,,,,,,,,0.278642568339311,0.327805414078018,0.369782090322352,0.395631075415431,0.420108098001343,0.498571357635096,0.463735235565392,0.546332319090116,0.692771090347149
Malta,,,,,,,,,,0.0895464492243628,0.105248770837517,0.123363707174084,0.144591929196808,0.181319754068798,0.212792742488268,0.241948742661002,0.283551141867071,0.322104016425676,0.361206795647332,0.389783320404489,0.415411894340009,0.387540572804281,0.446235137806334,0.514018488727408
Moldova,,,,,,,,,,,,,,,,0.288045634119172,0.32372414233987,0.356013772334535,0.372157339692409,0.381551487310189,0.376483471918751,0.369809909425806,0.404630490320241,0.584113904045357
Netherlands,0.153064316382172,0.159074937354234,0.165570272270783,0.172574537811758,0.192343539055328,0.2001115462291,0.20413421279335,0.21257378643497,0.221210765198152,0.23677088459005,0.256081909528941,0.281434979210022,0.309369327808333,0.339591058085027,0.371497214846885,0.406423149353294,0.435426800701952,0.457958959728712,0.4901196578112,0.514882084626661,0.522240406294491,0.494520700231825,0.54057181308811,0.583887673079265
Norway,0.175730705513147,0.174939130991235,0.176921257989035,0.17931394048375,0.19945716339192,0.20413421279335,0.208871260965091,0.217112560634075,0.229825174370262,0.258428063270725,0.286347137498101,0.328040950948156,0.369587305722609,0.408649906089243,0.463365910429271,0.516872759922371,0.559120998574364,0.606834933651127,0.641611525217393,0.648581892859996,0.654842249771784,0.688703774694593,0.676716208215943,0.699961225785049
Poland,0.0251830551692005,0.0293613556383771,0.0339740772409139,0.0392332086124263,0.0629584447750244,0.0643833659633835,0.0671979837164905,0.0732376110527995,0.0824408295396154,0.0874150744745274,0.101240420407222,0.122393333300975,0.143765230060515,0.162577046823704,0.198235450369822,0.219335095093652,0.231681671649349,0.259037612991585,0.285975349410208,0.326752808541545,0.351032552973031,0.503158262704284,0.383921470613403,0.582557035761712
Portugal,0.0115015330898075,0.0181644506334302,0.0262690949393721,0.0356385196779448,0.0472049489547333,0.0480842784766433,0.051425216296517,0.0539807238870915,0.0565540400365697,0.0673257669742412,0.078116873677141,0.0892328446423985,0.103006725716696,0.120964732971998,0.149141969770285,0.175334706147509,0.175005646704723,0.187812569656452,0.216756315851399,0.248163131199038,0.259918056037675,0.258387421093151,0.272059512686364,0.331194665612351
Romania,0.00770757648084674,0.0100515733959239,0.0132002286761038,0.0211913674603528,0.057124396065416,0.074449443512888,0.0894322193998329,0.104389278823309,0.123394687015243,0.172118336551449,0.201867399407083,0.225030972704107,0.228881430786383,0.237445564841417,0.267517014259006,0.289273991585064,0.321852295020875,0.344803910743308,0.370209682134074,0.390342830745118,0.411060059197897,0.429171086124095,0.433009040028805,0.470047015705031
Russia,0.0228486915393605,0.0254769544002067,0.0281240580158246,0.0307902744583958,0.0502950872642486,0.0577946709520143,0.0676213007019556,0.0888686541224908,0.11252199271786,0.150095300403335,0.190026525422576,0.214989473375071,0.247344375917845,0.277760626774045,0.303762657867557,0.343314814410712,0.370818483722778,0.39333743227815,0.363387087277024,0.364495057563354,0.44928604718639,0.544853245085272,0.562719266978219,0.596784928221806
Slovak Rep,,,,,,,,,,,,,,,,,,0.413144112147647,0.455866981015182,0.453933124723925,0.496003407053304,0.547574090661479,0.504732168004248,0.62335802858545
Slovenia,,,,,,,,,,,,,,,,0.34269157481455,0.410890172048777,0.46743897418475,0.492728909399866,0.521896910527201,0.54701272125748,0.585197903347108,0.581018577229722,0.609639269010381
Spain,0.0390705677663997,0.0539807238870915,0.0713057054434366,0.0861113605179101,0.104137398954593,0.105510756923759,0.106889241652183,0.115520279427037,0.134179171398534,0.146417288193295,0.158507267183917,0.171006512640096,0.190083219910904,0.205849753036024,0.221766344467206,0.248163131199038,0.27593707060859,0.305971119411968,0.333543428900646,0.37048874073879,0.396926084166866,0.40556572378539,0.425403142425625,0.390547408567836
Sweden,0.122333666413967,0.135598075634498,0.150465124543479,0.168278388768212,0.198613118743145,0.206913976875312,0.21191769617105,0.216684819699651,0.22526623531615,0.250096483118369,0.270557068919419,0.308233113456314,0.341360594515751,0.384864340700849,0.427900531074944,0.486242204053433,0.527503592565522,0.573962259850424,0.539662844824271,0.54057181308811,0.558003692508433,0.558104111730929,0.576299415583014,0.629642988830774
Switzerland,0.191515580472885,0.213669867302255,0.227994839157897,0.245760589392358,0.266445080961928,0.283990189769367,0.297609946217859,0.312512064846385,0.328040950948156,0.363835058508178,0.381948784692289,0.407906160876957,0.462008970494695,0.506054507928185,0.549133032985298,0.610674857747315,0.661145784170984,0.70219316261615,0.690830131511989,0.679806346525458,0.69505449033157,0.415469526090351,0.694041189772288,0.819582364233937
Ukraine,,,,,,,,,,,,,,,,0.304460978822749,0.352263994955399,0.384631810843299,0.441104383647772,0.47701476177969,0.524039447003845,0.505272214703599,0.538610379085326,0.520886596974756
UK,0.10101734344396,0.127165297234221,0.143864304580951,0.1621173386883,0.201575754246627,0.208011411449422,0.218531652795354,0.231914802469978,0.24147501665239,0.267967843421126,0.299267104001552,0.333467047529837,0.37638368511701,0.416931523534265,0.46962789211207,0.531116319650525,0.581443262724839,0.625106403376183,0.685277103965299,0.757198000742684,0.779883893040758,0.556334046680965,0.80405523839765,0.800621839162781
Serbia & Montenegro/Yugoslavia,0.00461272390332528,0.00720046661007158,0.0150743123239149,0.0228486915393605,0.041651921408043,0.050013094602153,0.0556942739367227,0.0643833659633835,0.0732818537274774,0.0917491703799925,0.107877033698363,0.121306490861333,0.149725846272397,0.180516120730793,0.196930795227131,0.209739109479862,0.23677088459005,0.265938885717386,0.292139188778018,0.326249826791087,0.363835058508178,0.367918194119996,0.420758183406128,0.471707970919572
Algeria,0.00998086090757039,0.010993946242781,0.0120098186113104,0.0125188047333402,0.0181644506334302,0.0195602496879139,0.0199790457987742,0.0213867630134708,0.0220638466677814,0.0270629383975243,0.0284405303082283,0.0315939077964003,0.0349206863995174,0.0460876428888022,0.0649618946023645,0.0898603203635901,0.126999234333931,0.150465124543479,0.187030406682701,0.207573300496701,0.195591110146681,0.22014036136819,0.246239848866599,0.270282612886965
Angola,0.00247003846090972,0.00247003846090972,0.00247003846090972,0.00247003846090972,0.00247003846090972,0.00247003846090972,0.00247003846090972,0.00247003846090972,0.00247003846090972,0.00247003846090972,0.00247003846090972,0.00296603500703008,0.00520630096656373,0.007460241065434,0.0158444259983853,0.0244234034057513,0.0371327145081679,0.0502950872642486,0.0571283315567835,0.0640904112688682,0.0999889973175395,0.128895984869724,0.139757011925611,0.148982827880434
Benin,0.00247003846090972,0.00247003846090972,0.00321428333440924,0.00396003122785939,0.00545606044383551,0.00247003846090972,0.00620635404378414,0.00670739804612119,0.00720912281497512,0.0082146220695116,0.00943927776516866,0.0104870561521123,0.0128667228554352,0.0140499860829921,0.0177178336831831,0.0249498031713984,0.0366312964769636,0.0477648722963858,0.0544172979266152,0.0623375470293916,0.0746235676480252,0.0917441205769405,0.0896405825570056,0.098437284926641
Botswana,0.00247003846090972,0.00247003846090972,0.00247003846090972,0.0036071832765503,0.00920755446308895,0.0109473571248662,0.012695395638118,0.0158208084150269,0.0189728999450979,0.0239984724011712,0.0290994509754403,0.0342718811315645,0.0433059650516086,0.0575596370834128,0.0752857350698109,0.086920411460895,0.165657010650104,0.236000430081664,0.309420568780682,0.345316279327105,0.372961183079035,0.310703151917224,0.397575761659756,0.353024380937195
Burkina Faso,0.00247003846090972,0.00247003846090972,0.00247003846090972,0.00247003846090972,0.00247003846090972,0.00247003846090972,0.00247003846090972,0.00247003846090972,0.00247003846090972,0.00247003846090972,0.00247003846090972,0.00247003846090972,0.00247003846090972,0.00247003846090972,0.0039302995954027,0.00540311173803844,0.00801396505574524,0.0106434094697491,0.0164904322218065,0.022431528474004,0.02961916466227,0.0321574935618509,0.0369494863417412,0.0373105664820873
Burundi,0.00247003846090972,0.00247003846090972,0.00247003846090972,0.00247003846090972,0.00247003846090972,0.00279297887308999,0.00443202568188671,0.00601945510869899,0.00761373811138817,0.0109425060835389,0.0135963644672667,0.0176132596938399,0.0165966447384072,0.0178889688388793,0.0217021134824127,0.0246737938656149,0.0248610678529214,0.0268908904786642,0.0397916524974517,0.0519624268095608,0.0605469136812534,0.0654046638171038,0.0728617861415135,0.0814439645659575
Cameroon,0.00247003846090972,0.00247003846090972,0.00247003846090972,0.00247003846090972,0.00247003846090972,0.00247003846090972,0.00247003846090972,0.00365390116011415,0.00645679106462018,0.0153308384704375,0.0247712784885387,0.0353674962727007,0.0418760722190124,0.0494497544882155,0.066143562979028,0.0839419160812339,0.10037630478978,0.117903062408946,0.130156116100077,0.137379407468335,0.159137217411759,0.172687692997527,0.184836054425692,0.19314677107657
CAR,0.00247003846090972,0.00247003846090972,0.00247003846090972,0.00247003846090972,0.00247003846090972,0.00247003846090972,0.00247003846090972,0.00247003846090972,0.00412843236955724,0.00975984249041739,0.0110299683474234,0.0125599086089217,0.0139948871571066,0.0183104701285066,0.0253074219028153,0.0366433671685293,0.0433971873725583,0.055090791672929,0.0645795299189095,0.0738341939387064,0.0870254300358974,0.0933071712229034,0.0992738282572895,0.122333666413967
Chad,0.00247003846090972,0.00247003846090972,0.00247003846090972,0.00247003846090972,0.00247003846090972,0.00247003846090972,0.00247003846090972,0.00247003846090972,0.00247003846090972,0.00247003846090972,0.00247003846090972,0.00247003846090972,0.00443261123028853,0.00731386535262967,0.00985887404633363,0.012421544766005,0.0152975056525546,0.0181960411630288,0.0220359914653654,0.0259162925251554,0.032473714145147,0.0391496897563555,0.0391496897563555,0.0621431339689997
Congo,0.00247003846090972,0.00247003846090972,0.00247003846090972,0.00247003846090972,0.00247003846090972,0.00247003846090972,0.00247003846090972,0.00505916999146915,0.00895318088892475,0.0213589096931468,0.0257993516405295,0.0300150878246665,0.0414280319669108,0.0558087938238458,0.0896521127829759,0.116786779846673,0.144888901370082,0.160117937945892,0.171744170670933,0.17579577485077,0.177668048928895,0.182288041610336,0.182342689971503,0.201719595256524
Congo DR,0.00247003846090972,0.00247003846090972,0.00247003846090972,0.00247003846090972,0.00629468009480202,0.0065487129248118,0.00756659543719879,0.0085872914764696,0.0103803265799579,0.0158122692104418,0.0169548385790358,0.0205186410433514,0.0245455402618999,0.0301753378082615,0.0383543545482868,0.0518215799950003,0.0726679753345848,0.0867875037883592,0.0951059102003276,0.0974100312711338,0.098433288301604,0.0985658606149416,0.101083502118703,0.193470579562987
Côte d'Ivoire,0.00247003846090972,0.00247003846090972,0.00247003846090972,0.00247003846090972,0.00247003846090972,0.00271795345717624,0.00296603500703008,0.0034992444287109,0.00346269866370285,0.00396003122785939,0.00533393470487229,0.00695817521913384,0.0102304971741425,0.01481796425873,0.0273793713936598,0.0391800457906434,0.0531484669444953,0.0679170711407306,0.0789543058685917,0.0892328446423985,0.105003327576191,0.113859926692623,0.12147748849026,0.149725846272397
Egypt,0.00371128121975396,0.004208948913772,0.00570598896306744,0.007460241065434,0.0112476524520525,0.0152852207958547,0.0186819971415111,0.0197192713434118,0.0241604846526941,0.0380867233840546,0.0403199673911168,0.0419275984444143,0.0431211026968613,0.0460876428888022,0.0545877782755524,0.0845604578892896,0.127436021510563,0.155306849831304,0.183548884763552,0.224361162870247,0.248755409561011,0.18612075958993,0.266951971052597,0.237238610267616
Equat. Guinea,,,,,,,,,,0.0245843319638036,0.0440174714397843,0.0550114563518364,0.061765170298755,0.068162663160768,0.0905101775814571,0.111364260927408,0.128440037191491,0.144847010336569,0.157615540803895,0.163417988399722,0.163417988399722,0.163417988399722,0.163417988399722,0.169272715808479
Eritrea,,,,,,,,,,0.00846485586685888,0.010611740270126,0.0127711794089879,0.0157611795192743,0.0196019876341958,0.0259999220553913,0.0348024488641097,0.047668002394462,0.0609980303035657,0.0725922748658909,0.0822678102237474,0.0932121519815881,0.0942233661194152,0.0952373569904938,0.109845697132117
Eswatini,0.00247003846090972,0.00247003846090972,0.00247003846090972,0.00247003846090972,0.00359381978796618,0.00868466137459917,0.0118716718196215,0.01508642765957,0.0190818601511336,0.0315939077964003,0.0386339064976038,0.0455302550500392,0.0551891708752987,0.0799464531741042,0.11027097593296,0.132765698388246,0.169539956362115,0.181722227539778,0.220868586221081,0.233976903747215,0.23588383465489,0.100532207346501,0.237800664216413,0.224776024946142
Ethiopia,0.00247003846090972,0.00247003846090972,0.00247003846090972,0.00247003846090972,0.00247003846090972,0.00247003846090972,0.00260116858649719,0.00283854955775217,0.0031949073811416,0.00414687962102421,0.00519091705522835,0.00623791467383247,0.00768240077270411,0.00952904774379316,0.0125830171298149,0.0167396112827305,0.0227208017193773,0.0288004689269751,0.0339915510413015,0.0382547750886364,0.0382547750886364,0.0533663561493527,0.0578820073611372,0.0697198781449507
Gabon,0.00247003846090972,0.00247003846090972,0.00247003846090972,0.00247003846090972,0.00247003846090972,0.00247003846090972,0.00247003846090972,0.00531071737745676,0.0094008223312863,0.0224459681996757,0.0400946193772616,0.0500407062192002,0.0561365653416504,0.0619008145016147,0.0819572805873378,0.100558576990075,0.115703563493352,0.130179464667258,0.141392018823159,0.146471635177618,0.197340976074224,0.237388407692953,0.255958024809815,0.28516130481312
Gambia,0.00247003846090972,0.00247003846090972,0.00247003846090972,0.00352675305839615,0.00437792039019952,0.00441372949151454,0.00444954206567679,0.00446617110914903,0.00464926400815722,0.00732446466462706,0.00960966779957254,0.0121369993851072,0.0135708095292243,0.0150102086221535,0.0192213192006099,0.0256748302858394,0.0351798460327423,0.0503468609600231,0.0694876143040136,0.0732368236227856,0.0883624109092407,0.0691690258316273,0.101260150711712,0.0914967647836521
Ghana,0.00247003846090972,0.00247003846090972,0.00247003846090972,0.00247003846090972,0.00445803450370135,0.0062172390788796,0.007460241065434,0.00933394187984584,0.0104870561521123,0.0302554888861877,0.0372184823188825,0.0508597194431703,0.0681784962075472,0.0949188840314963,0.112907539596815,0.127165297234221,0.13915597859784,0.144227937670965,0.147516850414377,0.160593004746356,0.175936533563954,0.219662546174935,0.172967586675975,0.229366739335505
Guinea,0.00247003846090972,0.00247003846090972,0.00247003846090972,0.00247003846090972,0.00247003846090972,0.00247003846090972,0.00247003846090972,0.00247003846090972,0.00247003846090972,0.00247003846090972,0.00381218888049459,0.0051219412405975,0.0117809138532876,0.0185621751878587,0.0258910526757801,0.033368336548623,0.041306377321926,0.049418814888551,0.0555278972152611,0.0617397489468936,0.0771539103137825,0.0699941241150353,0.0932396286793354,0.0693543783649147
Guinea-Bissau,0.00247003846090972,0.00247003846090972,0.00247003846090972,0.00247003846090972,0.00247003846090972,0.00247003846090972,0.00247003846090972,0.00247003846090972,0.00247003846090972,0.00247003846090972,0.00261533327137502,0.00351192381619638,0.00805476841234765,0.0126541970577003,0.0175943885870183,0.022601568618847,0.0278805123219727,0.0332360177498958,0.0372425196599333,0.0412929686003568,0.0512408827654714,0.0603029998822497,0.0614642252827949,0.0798590039433266
Kenya,0.00520630096656373,0.00720912281497512,0.00922286671791073,0.0112476524520525,0.0153308384704375,0.0164011775494201,0.0171315286366655,0.0181644506334302,0.0192002700308944,0.0305227848609922,0.0389432942413006,0.0491684063808387,0.0572384540944833,0.0769021706967238,0.0903592379854652,0.114866568042229,0.13772143102683,0.159074937354234,0.176208587913349,0.191929327712886,0.215214525852879,0.21687322538061,0.208005447266992,0.20174995385591
Lesotho,0.00247003846090972,0.00247003846090972,0.00311926089517501,0.00626509517392541,0.0160828943222424,0.0248375766008428,0.0306414851757787,0.0347136898173678,0.0409074562317775,0.0581931311726163,0.0645804723287777,0.0702918019812715,0.0775801204116718,0.0858317169050995,0.0960131859776779,0.107349882469554,0.11551274757263,0.128069602452078,0.144490309585018,0.162002795119248,0.225141825244617,0.168002801561493,0.213625961544749,0.193838558802138
Liberia,0.00247003846090972,0.00247003846090972,0.00247003846090972,0.00327476712042392,0.0110966285763335,0.0112943137511791,0.0107015754308105,0.0101097870287513,0.0107015754308105,0.0112943137511791,0.014131037365888,0.01839725680258,0.0236088141952926,0.0294272181496242,0.0426781955161464,0.0572720440991963,0.0708853643601846,0.0802216736214117,0.0834657466109091,0.0976346995790357,0.105062997728197,0.101734570981101,0.112321720070954,0.129674972257847
Lybia,0.00247003846090972,0.00247003846090972,0.00247003846090972,0.00247003846090972,0.00247003846090972,0.00430935788979556,0.00590977927886041,0.00705719905929331,0.00820819529912153,0.0107530866901951,0.0136452747439363,0.0170701251381285,0.0253613094216979,0.0395275882858349,0.0584996384132844,0.0912445315955192,0.124152003861606,0.153176120199871,0.179386201930423,0.215298061181662,0.24987118901489,0.219693786219229,0.28535946446172,0.246719731160346
Madagascar,0.00346269866370285,0.00470728822431519,0.00595608675323622,0.007460241065434,0.0104870561521123,0.0121369993851072,0.0137943478775116,0.016358728829528,0.018941042661127,0.0244234034057513,0.0306565054393387,0.0369966285021801,0.0386329799527059,0.0402766148906577,0.0481853726717574,0.0562672288586025,0.0696966860215726,0.0836330332752115,0.0946006854998996,0.105904084892495,0.130120038926551,0.156036173669163,0.156036173669163,0.19466986408783
Malawi,0.00998086090757039,0.00998086090757039,0.00998086090757039,0.00998086090757039,0.00998086090757039,0.00998086090757039,0.00998086090757039,0.0100704024630695,0.00998086090757039,0.00998086090757039,0.0163110316086597,0.0225868911930037,0.0234625829155931,0.0291882356199605,0.0404159523377923,0.0565253488922275,0.0711643454893471,0.0845604578892896,0.0948442473495492,0.115000994462742,0.137836502713824,0.106469243494718,0.141328850175267,0.128278603140462
Mali,0.00247003846090972,0.00247003846090972,0.00247003846090972,0.00247003846090972,0.00271795345717624,0.00284197339891931,0.00296603500703008,0.00321428333440924,0.00346269866370285,0.00371128121975396,0.00445091544039795,0.00545606044383551,0.00644656581995846,0.00771153020277268,0.0126307639165124,0.0179059491366511,0.0218717878662501,0.0244234034057513,0.0259923999612037,0.0302554888861877,0.0447822194515127,0.0320935772734144,0.0525236669856899,0.0624371325584795
Mauritania,0.00992108503527455,0.0132882435972311,0.0166863881339697,0.0201160942377356,0.0270725750716106,0.0323773101311475,0.0306005844102621,0.0329578656522752,0.0341626258482112,0.0377593623508179,0.0389180280146266,0.0400803406987523,0.0415464398134173,0.0444735304659151,0.0476256986051991,0.0544654229754961,0.0616594223715508,0.0698424275480377,0.0808603351405834,0.0943145410663107,0.112955379621155,0.0975615905187649,0.131217101721499,0.123570060559207
Mauritius,0.022378920584328,0.0237323977848632,0.0270753877605866,0.031480679665698,0.0398084891000404,0.045280387469311,0.0498118477099661,0.0554322936700139,0.0597165175913544,0.0663283978022983,0.0705660895865669,0.0816739519205238,0.0990939592248017,0.11822461813608,0.140006853120753,0.167093091737524,0.186259310347623,0.212195376113503,0.238649454437426,0.243016116063146,0.260340238663402,0.228919854878326,0.27248776807257,0.344189120792927
Morocco,0.00247003846090972,0.00247003846090972,0.00247003846090972,0.00247003846090972,0.00520630096656373,0.00558100355890627,0.00595608675323622,0.00720046661007158,0.00796299045972764,0.00998086090757039,0.012730537971025,0.0158444259983853,0.0202850010297027,0.0262690949393721,0.0330973430491717,0.041101183985944,0.054183684401299,0.068805806522957,0.0880166282929691,0.104594617658354,0.114494777192202,0.117293762727649,0.127860719987905,0.151125968634881
Mozambique,0.00247003846090972,0.00247003846090972,0.00247003846090972,0.00296603500703008,0.00371128121975396,0.00247003846090972,0.004208948913772,0.00429195877656268,0.00470728822431519,0.00595608675323622,0.00852603741383223,0.0112476524520525,0.0172104480077655,0.0202390031295164,0.0208927558407604,0.0267981342462922,0.0444127584919793,0.0536959036854905,0.0521687475736058,0.0640904112688682,0.0573011753850401,0.0287244092565428,0.0726819033549398,0.0980876442647937
Namibia,0.00247003846090972,0.00247003846090972,0.00355422450605736,0.00714299122705491,0.0183711831728579,0.0284202871072734,0.0351019820578357,0.0397996289569619,0.0469600879274812,0.0670452288417012,0.077030008379747,0.0863328058234018,0.0990899202744392,0.117839863997634,0.136177586816339,0.156640123190402,0.180773531861946,0.203492934415567,0.198728627224635,0.184274117081657,0.190070863670523,0.238834263713017,0.193850701189212,0.217465426723304
Niger,0.00247003846090972,0.00247003846090972,0.00247003846090972,0.00247003846090972,0.00247003846090972,0.00247003846090972,0.00247003846090972,0.00247003846090972,0.00247003846090972,0.00247003846090972,0.00247003846090972,0.00247003846090972,0.00253049018783015,0.00346269866370285,0.00627756196991355,0.00972802325779628,0.0141725736696207,0.0192002700308944,0.023105262809021,0.0262690949393721,0.028840245104399,0.0347448962952383,0.0337455198447422,0.0432537206168525
Nigeria,0.00247003846090972,0.00247003846090972,0.00247003846090972,0.00247003846090972,0.00247003846090972,0.00247003846090972,0.00247003846090972,0.00309013830951533,0.00520630096656373,0.00947535860676942,0.0181644506334302,0.0270629383975243,0.0302554888861877,0.0334758817363258,0.0357741060106849,0.0380867233840546,0.0555511740034967,0.0738827804232652,0.0934891449437905,0.114195168997146,0.135878955101465,0.148251715080918,0.15891590172182,0.188632257835574
Rwanda,0.00247003846090972,0.00247003846090972,0.00247003846090972,0.00247003846090972,0.00247003846090972,0.00247003846090972,0.0028906668923057,0.00392308625595984,0.00495840019722208,0.00711501633442095,0.0098166609284313,0.0172449726514186,0.0208389987388278,0.0260841100991002,0.0328611156340222,0.0390360407031158,0.0448129958679518,0.0535251169532076,0.0631950600107691,0.0755284546649336,0.0872050983446628,0.0827547481646099,0.0974102879203096,0.107921060056952
São Tomé and Principe ,,,,,,,,,,0.00247003846090972,0.00346176679398428,0.0052048965471767,0.00915728652747382,0.0131524381083993,0.0281826327023055,0.0438506467599861,0.0687258846817654,0.0946162628559478,0.10842210397025,0.122764217283394,0.122764217283394,0.122764217283394,0.137318950807461,0.16122497302389
Senegal,0.00247003846090972,0.00247003846090972,0.00247003846090972,0.00296603500703008,0.00396003122785939,0.00470728822431519,0.00445803450370135,0.00478851005964676,0.00495671030274014,0.00545606044383551,0.00726665566596451,0.00972802325779628,0.0120819890524183,0.0153308384704375,0.0243832384284613,0.0323992938802597,0.042018010413125,0.0511423596200526,0.0624712961710917,0.0693994873149315,0.0492589456835617,0.0918268197962214,0.082092482967943,0.0750826220452487
Seychelles,,,,,,,,,,0.276831458614652,0.295585191554861,0.315342549917645,0.337389596083668,0.360837000294791,0.339565265942767,0.319452432786837,0.329591053236687,0.340015916095642,0.366157476682735,0.394291623687408,0.414982881736132,0.405683871082213,0.43690271343352,0.363835058508178
Sierra Leone,0.00271795345717624,0.00396003122785939,0.00520630096656373,0.00670739804612119,0.00670739804612119,0.00660830053825046,0.00620635404378414,0.00589139004983323,0.00645679106462018,0.00947535860676942,0.014984147661504,0.0202390031295164,0.0248181328640419,0.0294547598993538,0.0403256448811791,0.0531269214880672,0.0665013866811029,0.0799464531741042,0.0920214642521727,0.102314164348576,0.0981224544030693,0.073174390962716,0.114195168997146,0.0927605215717544
South Africa,0.0281240580158246,0.0281240580158246,0.0281240580158246,0.0281240580158246,0.0372688506841131,0.0437232849363864,0.0494497544882155,0.0568695055157146,0.0632129390783911,0.0864223242188707,0.102395174168023,0.11285602202428,0.126681206753616,0.144591929196808,0.149687097815693,0.157186087337831,0.139832600166631,0.181722227539778,0.260516497441136,0.253015623798958,0.279060350749238,0.277827487819291,0.310740600343536,0.431045842352679
Sudan,0.00247003846090972,0.00247003846090972,0.00247003846090972,0.00247003846090972,0.00361893102064617,0.00407380135063212,0.00498522641326573,0.00544178392209351,0.00612768033117016,0.00796299045972764,0.00998086090757039,0.0120098186113104,0.01481796425873,0.0184231332170869,0.0244234034057513,0.0326681467301911,0.0446957476370978,0.0571283315567835,0.0679170711407306,0.0769021706967238,0.087045038317653,0.0777708838014773,0.0889195061653298,0.0988231463756157
Tanzania,0.00659649126699837,0.00914076471837165,0.0117026899567852,0.0142825136253014,0.0194968690014037,0.0208663791260234,0.0218015090237114,0.0231249329756886,0.0244531170095449,0.0390411992717563,0.0407735844312746,0.0535922969017905,0.0495693779607376,0.053122546219993,0.0499221042999968,0.0549124395354253,0.0659042492027947,0.0770306425272744,0.0852106365443569,0.0949214063043214,0.118778348281215,0.146092444789964,0.153806581623089,0.179714232526275
Togo,0.00247003846090972,0.00247003846090972,0.00247003846090972,0.00247003846090972,0.00247003846090972,0.00247003846090972,0.00247003846090972,0.00247003846090972,0.00247003846090972,0.00695818023638089,0.00826618466402513,0.0102085629022212,0.0127755580432183,0.0179447128268456,0.0387659231805344,0.061070144322768,0.0777271885305027,0.0938476227780361,0.104164322980563,0.118241997148728,0.13325545304361,0.149068393865858,0.146318714619479,0.138767256818664
Tunisia,0.007460241065434,0.0082146220695116,0.00846642526581411,0.00922286671791073,0.0104870561521123,0.011819129542746,0.0120098186113104,0.0145374061287726,0.0166161491069927,0.0184231332170869,0.0215299066295058,0.0249498031713984,0.0345117290723134,0.0474848044990631,0.0645010486219368,0.0865904158113858,0.0977459299830467,0.116814240485399,0.136631948098067,0.162787557548501,0.188296159516893,0.187825670354402,0.208741259424206,0.236267595945849
Uganda,0.00247003846090972,0.00247003846090972,0.00247003846090972,0.00247003846090972,0.00247003846090972,0.00595608675323622,0.00947535860676942,0.0129010052570948,0.016358728829528,0.0236352080732703,0.027057769670384,0.0307902744583958,0.0359826418443647,0.0474848044990631,0.0534449058315926,0.0579914469627511,0.0637743621590346,0.0708878785805473,0.0831553869198135,0.0926972309086345,0.114124485430722,0.130256719991642,0.139456575552103,0.17471603227181
Zambia,0.00247003846090972,0.00247003846090972,0.00247003846090972,0.00247003846090972,0.010938693847366,0.0202926846843155,0.0286074303254097,0.0360191113368405,0.041680488459227,0.068857953916182,0.072262426719731,0.0802479278478091,0.0906386468494043,0.105468083658643,0.126607547678617,0.142494384417987,0.15242428280363,0.155956595088781,0.19041544232027,0.18634218237054,0.189549495369538,0.204991844434677,0.218576145761619,0.22735635916396
Zimbabwe,0.00247003846090972,0.00247003846090972,0.00247003846090972,0.00247003846090972,0.00247003846090972,0.00706794271081355,0.0140499835257249,0.0160130152596155,0.0265335198508278,0.0528543199697038,0.0589034219517484,0.0671314642460294,0.0757286823908931,0.0925041664785516,0.104354262321975,0.116597279432425,0.144844450248756,0.187169692034654,0.230383592706913,0.244509255581478,0.269100268481204,0.229724269819852,0.277119845205268,0.267677018467439
Afghanistan,,,,,,,,,,0.00546855285314893,0.00638417344151848,0.00771880227399483,0.00915766376537926,0.0155105128639647,0.0208423232239767,0.0279114837066208,0.0353554733511156,0.0417483849620961,0.0518216398827276,0.0675326157462232,0.0831262581075884,0.0789738178308331,0.10831607205806,0.0997250608545009
Armenia,,,,,,,,,,,,,,,,0.369641694999231,0.409778815718976,0.443116012140159,0.448891859723976,0.453056645064887,0.454906525218088,0.469262755077089,0.471649730501369,0.515980605839386
Azerbaijan,,,,,,,,,,,,,,,,0.336876557762176,0.388619715242483,0.448813473413918,0.452076393276299,0.45536840201525,0.462758851823271,0.42160385470275,0.470300237878831,0.503158262704284
Bahrain,0.00247003846090972,0.00247003846090972,0.00247003846090972,0.00247003846090972,0.00277995822150096,0.00371128121975396,0.0110890656456344,0.0141139232960458,0.0165195954724854,0.0254769544002067,0.0273279325768682,0.0332064403722598,0.045808843801894,0.0848701177590658,0.115202725892544,0.147149965761177,0.174543979136439,0.211480949374935,0.23677088459005,0.254974617109914,0.241001897595909,0.224361162870247,0.234905883792055,0.36509006697642
Bangladesh,,,,,,,,,,0.028655763468479,0.0289970034183439,0.0315939077964003,0.0396194246695625,0.0444179970613336,0.0447715340659053,0.0603029998822497,0.077538375419132,0.0873567896008962,0.103468684414255,0.128906315891033,0.135046048960603,0.128918182961378,0.138452345868898,0.158756046686283
Brunei Darussalam,,,,,,,,,,0.0534113029985174,0.0605929640691701,0.0732818537274774,0.0946006854998996,0.137379407468335,0.175730705513147,0.215871837888258,0.238645352437727,0.265433383416585,0.280381428215567,0.293226875493928,0.305971119411968,0.25279002810708,0.322693432948373,0.339591058085027
Cambodia,0.00260299035430359,0.00260299035430359,0.00260299035430359,0.00260299035430359,0.00522445959720898,0.00522445959720898,0.00786467197268101,0.0105238974334707,0.0186184410080822,0.136523295709906,0.105999238089862,0.139573413712994,0.13774695621042,0.145146860850843,0.151802453105151,0.155119451008165,0.158317566218467,0.163686338851343,0.167047400548788,0.173713522376424,0.178414437374385,0.108206885773059,0.184311176815266,0.180516120730793
China,0.0257408124843655,0.0270629383975243,0.028389815042818,0.0297214766845633,0.0323992938802597,0.0228355971129102,0.0337455198447422,0.0357741060106849,0.0378138978281873,0.044094875066576,0.0521531259311727,0.0662827408329305,0.0806184501323359,0.0988662592738659,0.114533488015111,0.136260226220402,0.155530811884593,0.172661169139672,0.201867330233186,0.22674909532321,0.24667669460691,0.243893585943164,0.265333476984721,0.263008526856222
Hong Kong,0.00247003846090972,0.00247003846090972,0.00289927021756104,0.00778255319147234,0.0287679246996377,0.0546278134633303,0.0668253570481252,0.0803359633979,0.100943335312935,0.12681807635949,0.136665843240365,0.145686061473031,0.176921257989035,0.201151062568915,0.227994839157897,0.279855777773683,0.320341390773199,0.363176236972014,0.364495057563354,0.357947556721599,0.505086566684404,0.475826804134611,0.524944543009554,0.547084848450602
Georgia,,,,,,,,,,,,,,,,0.364731573883356,0.40304850820497,0.44580665021336,0.452314197782515,0.458938486717637,0.468899360510515,0.608110476795298,0.479136390758036,0.625978426263984
India,0.00247003846090972,0.00271795345717624,0.00371128121975396,0.00720912281497512,0.0127735611236232,0.0149255172238808,0.0176476284733928,0.0209122749148077,0.0236352054487545,0.0297214766845633,0.0337455198447422,0.0378138978281873,0.0429314318725596,0.0531269214880672,0.0641386030305116,0.0729817566991213,0.0825478591318926,0.0926972309086345,0.108175755062693,0.132060985630342,0.137767158790028,0.153623674287262,0.143864304580951,0.201101556669364
Indonesia,0.00247003846090972,0.00247003846090972,0.00247003846090972,0.00247003846090972,0.0102627349261781,0.0124473257477908,0.0144000938180682,0.0171021236165747,0.019824070623266,0.027858492112204,0.0321306366308184,0.0408261229876997,0.057703517612437,0.0775090227200212,0.0882936257221602,0.102314164348576,0.109860580310506,0.120623291086303,0.135953655221982,0.155306849831304,0.205849753036024,0.212792742488268,0.261414085253651,0.278012303578599
Iran,0.00720912281497512,0.007460241065434,0.00771153020277268,0.00796299045972764,0.0087184002828028,0.00732805227824503,0.0087184002828028,0.00774550131374032,0.00922286671791073,0.0122642239765702,0.0138328573803764,0.0184231332170869,0.0256361411242808,0.0350966716378486,0.0478442884486182,0.0664405822761342,0.0878937602090922,0.110192209765278,0.140921150777608,0.169445117615809,0.216297204574473,0.212642086790383,0.272934864046857,0.324467348480179
Iraq,0.00247003846090972,0.00296603500703008,0.00346269866370285,0.00371128121975396,0.00470728822431519,0.00361804315005793,0.00495671030274014,0.00456483692615789,0.00570598896306744,0.00947535860676942,0.0127322373351883,0.0192002700308944,0.024194530934153,0.0361811639682028,0.0531985077157513,0.078116873677141,0.115046548940618,0.150465124543479,0.166705587799226,0.196930795227131,0.199936917795884,0.164005546378454,0.2221081395719,0.213400982559638
Israel,,,,,,,,,,0.224813421803777,0.227424623561489,0.237847540684019,0.255603949439368,0.279068702435418,0.323579356748119,0.362584300901255,0.378292016217763,0.402668209606266,0.421772066664189,0.44418021111733,0.47569596732779,0.582012547847073,0.583879296815725,0.702498265562251
Japan,0.0246865094896065,0.0289219035686974,0.040002167183436,0.0579914469627511,0.109860580310506,0.127691188031531,0.147884099945461,0.167187595698401,0.181722227539778,0.220762894466393,0.262496084528426,0.316261024692065,0.338711988995744,0.416170927234325,0.443252027874155,0.491795231600123,0.553081230654845,0.575128988698022,0.649811208541082,0.690830131511989,0.735715770026775,0.51421561915982,0.772830784732187,0.656362339148581
Jordan,0.00247003846090972,0.00247003846090972,0.00247003846090972,0.00247003846090972,0.0166028751026391,0.0179823493621874,0.0191358608984599,0.0200612715485815,0.0230849737294708,0.033987526699772,0.0459297712419447,0.0646472240475423,0.0818039520529856,0.0959708888273804,0.114715396789573,0.134462516413832,0.174784135742961,0.21126276953221,0.249630235563609,0.282544452372328,0.319746616219882,0.295842790678895,0.349393433959906,0.412993420705821
Kazakhstan,,,,,,,,,,,,,,,,0.321890667621409,0.367135515301664,0.403735495652798,0.441712355949886,0.483025676569252,0.517319503430768,0.545931404604673,0.564530496252458,0.5564451218429
"Korea, South",0.028389815042818,0.0297214766845633,0.0310579579591128,0.0323992938802597,0.0378138978281873,0.0404881102866984,0.0422034814404883,0.0523996585814554,0.0617551031025373,0.0854902176076714,0.123703737885876,0.124741579567786,0.164677266960746,0.198613118743145,0.251474355512071,0.318004235040609,0.382481277771678,0.45881079257028,0.530406140751757,0.609390441241702,0.655306328166733,0.520985485620441,0.744041975190184,0.617061527215011
Kuwait,0.00247003846090972,0.00247003846090972,0.00247003846090972,0.00247003846090972,0.00412180863620954,0.00550603261700441,0.0165324678318506,0.0210851305553096,0.0247194109350837,0.0383597506593902,0.0483256459395671,0.0640904112688682,0.0778128231263536,0.0908035376658606,0.098437284926641,0.135598075634498,0.170224989865697,0.185364365950342,0.19317335822042,0.192343539055328,0.191515580472885,0.189684943685655,0.202852767760465,0.244582762107178
Kyrgyzstan,,,,,,,,,,,,,,,,0.326883822064918,0.368828448009289,0.401364993436467,0.403973678883509,0.418366675449184,0.408508272778895,0.457533779056443,0.424028598057658,0.470266209898872
Lao PDR,0.00247003846090972,0.00247003846090972,0.00247003846090972,0.00247003846090972,0.00247003846090972,0.00247003846090972,0.00247003846090972,0.00270682512350749,0.00475004508909212,0.0309258034199992,0.0345623170473725,0.0392895562816798,0.0446300786444979,0.0530700714574617,0.0636359421821782,0.0762906599144984,0.0900323870598261,0.103322342399201,0.117632138425356,0.132518895914602,0.149974977986932,0.126916653897633,0.169561993506346,0.156954561380724
Lebanon,0.00295113511696596,0.00428175262995892,0.00623516697625464,0.00769380716695632,0.0267852980116872,0.0351076924845215,0.0423883162546853,0.0508852461191744,0.0595823053335827,0.0734655702111068,0.0854699008179712,0.0978776224499151,0.119182858762635,0.141792985075092,0.165412741723105,0.190647168297531,0.215752357774155,0.242689667226283,0.260024699261623,0.278213765879943,0.299374816231467,0.27095028638946,0.3218226153779,0.314840736439402
Malaysia,0.00271795345717624,0.00296603500703008,0.00321428333440924,0.00495671030274014,0.00922286671791073,0.0119514552155425,0.0140499860829921,0.0190113991080804,0.0233728497154713,0.0391800457906434,0.0488409145242692,0.0626291138610168,0.0807530763462505,0.106889241652183,0.133949610898968,0.174939130991235,0.223208686807813,0.242898021777783,0.306122799784588,0.335293610395367,0.35328341625178,0.349378681313881,0.379321731983899,0.413970197273207
Mongolia,,,,,,,,,,0.0419275984444143,0.051425216296517,0.0679170711407306,0.0889195061653298,0.100047707771549,0.174543979136439,0.203279422196223,0.233050254896908,0.268986518199738,0.273089553446481,0.27515829484071,0.312799098963495,0.295599329373617,0.350876908841312,0.38766715774744
Myanmar,0.00247003846090972,0.00247003846090972,0.00483197820458776,0.0109685852061949,0.0225345533893489,0.0234532864639256,0.027858492112204,0.0308372197601717,0.0327488407698615,0.0371599377285768,0.0512880394040367,0.0640904112688682,0.0791488800575508,0.0895464492243628,0.086165422354339,0.11285602202428,0.137240394053811,0.138094353234879,0.145478844939922,0.157563085199131,0.164950177723347,0.108537032753538,0.17652398051869,0.0980876442647937
Nepal,0.00247003846090972,0.00247003846090972,0.00247003846090972,0.00247003846090972,0.00365326569392831,0.00417812376572508,0.00417812376572508,0.00470372890230752,0.00470372890230752,0.00575718889784517,0.00575718889784517,0.00681366282808749,0.00759463125348407,0.0109493744813827,0.0155733152808629,0.0213762948075701,0.0320644276206223,0.0422876483931865,0.0624302349108385,0.0881117413961806,0.105333796482883,0.0804909765424526,0.1270220041528,0.116813700034925
Oman,0.00247003846090972,0.00247003846090972,0.00247003846090972,0.00247003846090972,0.00247003846090972,0.00247003846090972,0.00657008581333827,0.00834828651121377,0.00975820286685355,0.0149744470904902,0.0218078863866019,0.0291720059846839,0.0412273204837077,0.0504810720292272,0.060191272419583,0.0804129770546084,0.104508387731509,0.135611679638647,0.175206952864407,0.203748029812288,0.243056551729751,0.28705347394852,0.27751940084302,0.286748299268211
Pakistan,,,,,,,,,,0.0299883862538773,0.0315162220073178,0.0369966285021801,0.0417579266830839,0.0449737072836951,0.0547362171381726,0.063797688801642,0.0759102561660774,0.0901744585136017,0.104480091503438,0.121990956994408,0.151280794574729,0.137098812238864,0.145029193159173,0.153044195289457
Philippines,0.00346269866370285,0.004208948913772,0.00470728822431519,0.00570598896306744,0.0215415419511868,0.0301911326297104,0.0350966716378486,0.0465121026205189,0.0534113029985174,0.0744846866251029,0.10191285269384,0.103615555556573,0.11299143696253,0.133471758590101,0.157126051784304,0.180114958960683,0.20170507747157,0.231203904184993,0.258172869822627,0.279330874525287,0.28834742600042,0.306214748417797,0.294317775469206,0.359044011466124
Qatar,0.00247003846090972,0.00247003846090972,0.00247003846090972,0.00247003846090972,0.00454213882661231,0.00606868604457027,0.0182501191693048,0.0232909009405696,0.027319648629652,0.042479570704242,0.0556942739367227,0.068509323670363,0.0889195061653298,0.107218212162198,0.123707693573498,0.140607620701719,0.156433244318519,0.171789692940179,0.194005046349173,0.214109212235781,0.245760589392358,0.238581464027484,0.304845297280563,0.388697624852331
Saudi Arabia,0.00247003846090972,0.00247003846090972,0.00247003846090972,0.00247003846090972,0.0076986474762567,0.0103009487443768,0.0313461018002444,0.0402062682259971,0.0473544703745696,0.0748161537087454,0.0784363964245518,0.082092482967943,0.0890309671276748,0.0904259615868817,0.108084656212066,0.127339030181706,0.159651443615304,0.184998531327695,0.203837524478851,0.234719900724377,0.263473324086675,0.253573857205876,0.307384827300248,0.379151233540061
Singapore,0.00963126373125009,0.0123399845363779,0.0170829682121606,0.02381251775568,0.0363719630013504,0.0412760396780235,0.0462461224517297,0.0524881672703198,0.0588375430814913,0.0756880981920701,0.0927494522105448,0.118211610042293,0.141949280635638,0.175052970703558,0.166391749389976,0.17112902597658,0.194127097728572,0.217739918145456,0.283959074090547,0.354839821895337,0.32362724151459,0.304133299862375,0.447092088221999,0.54511279376804
Sri Lanka,0.00650197227288941,0.00978494495547611,0.0154918139430569,0.0228495896339998,0.0427069561601399,0.0462646168085842,0.053212322398734,0.0603836075265525,0.0695517101447581,0.0858070160577018,0.0950798442882574,0.103990555945583,0.110707033175073,0.173164268104363,0.172858292424236,0.16928934061579,0.181448605869657,0.201413096053049,0.214369672794709,0.229412557236559,0.294782816717994,0.283050633100683,0.357299146769099,0.480326597548901
Syria,0.00720912281497512,0.00947535860676942,0.0112476524520525,0.0132836017752463,0.0173894883908295,0.0187797288203234,0.0194596795063107,0.0232417404035777,0.0270629383975243,0.0359097421455686,0.0434488562097658,0.0559806402737333,0.064410419655697,0.082092482967943,0.10328977752656,0.125778368381027,0.16084856794516,0.182932286644657,0.212590959510282,0.240057474132091,0.277730993657855,0.144246856389478,0.280907827981214,0.152041022339312
Taiwan,0.00247003846090972,0.00247003846090972,0.00247003846090972,0.00247003846090972,0.0127275952364895,0.0213797113413552,0.0330683852321801,0.0440737357842875,0.0537751986356987,0.0833244086245104,0.0926972309086345,0.104921549395574,0.118241997148728,0.14678344526154,0.180917718783501,0.220315566279565,0.251066968231681,0.285146260429776,0.324467348480179,0.375899377801909,0.447887352522701,0.435271965293566,0.496487408748073,0.496487408748073
Tajikistan,,,,,,,,,,,,,,,,0.311581129424197,0.351068864195097,0.377524379893083,0.387342086072342,0.372099955774678,0.376678953862422,0.398019642884372,0.392338827995063,0.432944477118845
Thailand,0.004208948913772,0.00545606044383551,0.00645679106462018,0.00771153020277268,0.00998086090757039,0.0109017326393379,0.0120098186113104,0.0189309465756847,0.0254769544002067,0.0474848044990631,0.0597105135828048,0.0714849189257547,0.0716337392863441,0.0895464492243628,0.100304452761109,0.116550425830331,0.157221594861892,0.213231044466218,0.252666894551141,0.261414085253651,0.281379291337907,0.194916229192414,0.276717492258147,0.276819068325663
Turkey,0.00645679106462018,0.0082146220695116,0.00972802325779628,0.0117555883960576,0.01481796425873,0.0161276397897617,0.016358728829528,0.018946404142852,0.0207594674483314,0.0307902744583958,0.0422150211083977,0.057703517612437,0.0709913342367155,0.0867335500047348,0.100911637282096,0.122333666413967,0.153200157217054,0.160593004746356,0.175533900272042,0.201151062568915,0.206314253161281,0.197520418210397,0.220762894466393,0.275566168507974
U A Emirates,0.00247003846090972,0.00247003846090972,0.00247003846090972,0.00247003846090972,0.00247003846090972,0.00292881214796233,0.00873257898656651,0.0111049212618188,0.012988648620085,0.0199790457987742,0.0291882356199605,0.0391800457906434,0.0556942739367227,0.068509323670363,0.082092482967943,0.110856363492997,0.14605149383642,0.19317335822042,0.25645071250541,0.304845297280563,0.331649475165992,0.320744876730528,0.34269157481455,0.37048874073879
Uzbekistan,,,,,,,,,,,,,,,,0.347954685636969,0.376458681380288,0.407348340989862,0.414441594478979,0.421673774447897,0.424857941611653,0.402009518646236,0.428069804471065,0.600277844820225
Viet Nam,0.00879958898027723,0.00879958898027723,0.00879958898027723,0.0102545407632408,0.0122763292035135,0.0180331435910835,0.0238811284313644,0.0391499526836027,0.0550774571022712,0.0757440873295682,0.0746711928238171,0.0868113974537569,0.101678342362366,0.12192245326115,0.145910081052253,0.171985747828282,0.147016773039568,0.12289983324085,0.139297245463193,0.157921590022175,0.184499856095371,0.15544858649421,0.211131705219948,0.280840502879458
Yemen,0.00247003846090972,0.00247003846090972,0.00247003846090972,0.00247003846090972,0.00247003846090972,0.00247003846090972,0.00247003846090972,0.00247003846090972,0.00247003846090972,0.00247003846090972,0.00247003846090972,0.00247003846090972,0.00247003846090972,0.00247003846090972,0.00247003846090972,0.00570598896306744,0.0153308384704375,0.0307902744583958,0.0435859966198381,0.0626291138610168,0.0824000792981561,0.05483936089514,0.103941621249343,0.0824000792981561
Australia,0.0842510574748178,0.11960085562074,0.16021290242451,0.199034899911866,0.266445080961928,0.27828854735336,0.302045667698618,0.320607479042243,0.334074898486956,0.367146913649974,0.386077917971055,0.408649906089243,0.416538304498989,0.45881079257028,0.52553265591648,0.588212363948998,0.640268207799697,0.697280415569973,0.734329187720152,0.742200228863248,0.773165524288046,0.591454331209272,0.770840109436477,0.777875169829642
New Zealand,0.111521713894748,0.130305065188736,0.158318237554466,0.199034899911866,0.256944058434595,0.261829136938565,0.284613735069455,0.297078822645551,0.305407835589098,0.322104016425676,0.32504873497399,0.335293610395367,0.33067906087511,0.376581315896119,0.437699922596862,0.439699226067255,0.472456133123838,0.489934928557031,0.543789243719964,0.609390441241702,0.685289568894516,0.534764741158992,0.637348498187943,0.66208528522655
Canada,0.176921257989035,0.196930795227131,0.217642917413128,0.23677088459005,0.262414815874436,0.297735998232419,0.307666314614306,0.323860324181884,0.328040950948156,0.347707195189808,0.357176020607987,0.373184149590015,0.378628436449791,0.398371367315436,0.45416577828795,0.507998035430789,0.523121075174719,0.619793083317994,0.677080798707699,0.71562261977912,0.826438087283899,0.645741345214304,0.759116287514099,0.763978443124854
USA,0.171397895160115,0.189453769571659,0.214109212235781,0.236303750595979,0.25399382138573,0.292370651214849,0.30653532024452,0.3180042641628,0.329840865374677,0.377948981804224,0.399483647058981,0.428532562621573,0.464732839146937,0.493664953939275,0.542752782175681,0.585798830042896,0.632454557614499,0.697280415569973,0.752664495147833,0.745892953366846,0.795138563511014,0.798664348887842,0.878398211743427,0.786636942649875
